<?xml version="1.0" encoding="UTF-8"?>
<!DOCTYPE mapper PUBLIC "-//mybatis.org//DTD Mapper 3.0//EN" "http://mybatis.org/dtd/mybatis-3-mapper.dtd">
<mapper namespace="com.shop.myapp.dao.BoardMapper">
    <select id="findAll" resultType="com.shop.myapp.dto.BoardDTO">
        select * from board
	</select>
    <select id="getBoard" resultType="com.shop.myapp.dto.BoardDTO">
        select * from board where id=#{id}
	</select>
    <insert id="addBoard">
        insert into board(title, content, writer, hits, delete_yn, created_date) values (#{title}, #{content}, #{writer}, 0, 'Y', now())
	</insert>
    <update id="updateBoard">
        update board set title=#{title}, content=#{content}, writer=#{writer}, modified_date=now() where id=#{id}
	</update>
	<update id="hitsUpdate">
		update board set hits=hits+1 where id=#{id}
	</update>
	<delete id="delBoard">
		delete from board where id=#{id}
	</delete>
</mapper>